{"skins":{"default":{"l_apple_stem":{"l_apple_stem":{"uvs":[0.17611,0.08769,0.34676,0.10157,0.5769,0.1655,0.67543,0.35471,0.6963,0.52262,0.73523,0.31587,0.85937,0.072,0.97075,0.17633,0.99926,0.3893,0.87011,0.5483,0.8003,0.73656,0.75048,0.9012,0.63081,0.89478,0.64899,0.80555,0.63929,0.78861,0.53712,0.81629,0.35361,0.76453,0.16225,0.52,0.04727,0.29669,0,0.03902,0.03132,0.01776,0.67378,0.71472,0.54546,0.38153,0.31011,0.27909,0.14013,0.20397,0.66951,0.69995],"type":"mesh","triangles":[11,13,10,12,13,11,0,19,20,24,19,0,18,19,24,23,0,1,24,0,23,23,18,24,17,18,23,22,17,23,23,1,2,22,23,2,16,22,25,16,17,22,22,2,3,25,22,3,4,25,3,21,4,10,4,21,25,25,15,16,14,25,21,13,14,21,14,15,25,13,21,10,5,6,7,5,7,8,8,9,5,9,4,5,9,10,4],"hull":21,"vertices":[2,6,118.38,-47.51,0.63147,7,9.93,-48.76,0.36853,2,5,195.97,-63.97,0.66589,6,2.04,-64.4,0.33411,2,4,206.08,-29.86,0.94199,5,37.17,-84.44,0.05801,3,3,243.08,72.63,0.16016,8,89.64,92.78,0.14249,4,113.32,-58.09,0.69734,3,3,187.99,41.75,0.22246,8,42.05,51.25,0.27821,4,52.12,-42.49,0.49933,4,3,268.18,37.05,0.00419,8,121.5,63.1,0.50296,9,-9.45,63.33,0.49259,4,106.98,-101.17,0.00026,1,9,114.04,68.65,1,1,9,142.91,-11.99,1,1,9,103.07,-81.87,1,2,8,89.84,-58.82,0.43844,9,-1.39,-62.38,0.56156,2,3,132.6,-48.79,0.48035,8,6.41,-48.72,0.51965,1,1,54.04,663.53,1,1,1,-28.32,665.88,1,4,3,79.39,44.23,0.45485,8,-64.75,31.41,0.0003,4,-24.84,34.18,0.53889,5,-74.24,127.72,0.00596,3,3,83.49,52.37,0.17991,4,-16.26,37.24,0.79941,5,-66.13,123.56,0.02068,2,4,7.15,104.32,0.84595,5,-1.21,152.42,0.15405,3,4,82.19,207.66,0.11186,5,125.49,168.46,0.83723,6,-47.84,173.31,0.05091,3,5,276.57,118.03,0.13853,6,98.25,109.85,0.86115,7,-83.56,79.4,0.00033,2,6,191.24,44.23,0.44193,7,29.54,66.74,0.55807,1,7,114.74,14.69,1,1,7,103.08,-5.04,1,2,8,-27.36,31.94,5e-05,4,-3.18,3.7,0.99995,1,5,36.51,-2.41,1,2,5,202.59,5.46,0.33475,6,14.71,4.19,0.66525,2,6,134.78,-1.05,0.47929,7,1.9,-0.15,0.52071,3,3,120.47,41.41,2e-05,8,-23.96,37.07,1e-05,4,2.97,3.81,0.99996]}},"l_apple_apple":{"l_apple_apple":{"uvs":[0.28467,0.00654,0.72131,0.02025,0.98335,0.26022,0.98934,0.59139,0.86989,0.85094,0.62194,1,0.36674,0.99371,0.12536,0.86351,0,0.58068,0.02864,0.21971,0.27049,0.6672,0.71796,0.69715,0.31265,0.29875,0.70184,0.31366],"type":"mesh","triangles":[12,0,1,9,0,12,13,12,1,13,1,2,8,9,12,13,2,3,10,8,12,11,13,3,4,11,3,7,8,10,10,13,11,13,10,12,6,10,11,7,10,6,5,6,11,5,11,4],"hull":10,"vertices":[1,1,-218.63,848.93,1,1,1,216.53,835.93,1,2,1,477.68,608.23,0.99,2,477.68,608.23,0.01,2,1,483.65,294.01,0.99,2,483.65,294.01,0.01,1,1,364.6,47.75,1,1,1,117.49,-93.69,1,1,1,-136.84,-87.72,1,1,1,-377.4,35.82,1,2,1,-502.33,304.17,0.99,2,-502.33,304.17,0.01,2,1,-473.79,646.68,0.99,2,-473.79,646.68,0.01,2,1,-232.76,222.08,0.9,2,-232.76,222.08,0.1,2,1,213.18,193.66,0.9,2,213.18,193.66,0.1,2,1,-190.75,571.67,0.92,2,-190.75,571.67,0.08,2,1,197.13,557.53,0.92,2,197.13,557.53,0.08]}},"l_apple_appleX":{"l_apple_appleX":{"uvs":[0.29958,0.00654,0.70599,0.02025,0.94989,0.26022,0.95547,0.59139,0.84428,0.85094,0.61349,1,0.37596,0.99371,0.1513,0.86351,0.03462,0.58068,0.06127,0.21971,0.28638,0.6672,0.70287,0.69715,0.32562,0.29875,0.68787,0.31366],"type":"mesh","triangles":[12,0,1,9,0,12,13,12,1,13,1,2,8,9,12,13,2,3,10,8,12,11,13,3,4,11,3,7,8,10,10,13,11,13,10,12,6,10,11,7,10,6,5,6,11,5,11,4],"hull":10,"vertices":[1,1,-218.63,848.93,1,1,1,216.53,835.93,1,2,1,477.68,608.23,0.99,2,477.68,608.23,0.01,2,1,483.65,294.01,0.99,2,483.65,294.01,0.01,1,1,364.6,47.75,1,1,1,117.49,-93.69,1,1,1,-136.84,-87.72,1,1,1,-377.4,35.82,1,2,1,-502.33,304.17,0.99,2,-502.33,304.17,0.01,2,1,-473.79,646.68,0.99,2,-473.79,646.68,0.01,2,1,-232.76,222.08,0.9,2,-232.76,222.08,0.1,2,1,213.18,193.66,0.9,2,213.18,193.66,0.1,2,1,-190.75,571.67,0.92,2,-190.75,571.67,0.08,2,1,197.13,557.53,0.92,2,197.13,557.53,0.08]}}}},"skeleton":{"spine":"3.6.53","hash":"hkc+aZ7+bSS7I4fJAfdxYT7CB2Q","height":0,"width":0},"slots":[{"bone":"apple","name":"l_apple_apple","attachment":"l_apple_apple"},{"bone":"stem_01","name":"l_apple_stem","attachment":"l_apple_stem"},{"bone":"apple","name":"l_apple_appleX","attachment":"l_apple_appleX"}],"bones":[{"scaleY":0.13,"name":"root","scaleX":0.13},{"y":-448.38,"name":"apple","parent":"root"},{"name":"apple_direction","parent":"apple"},{"rotation":73.87,"x":4.62,"y":610.01,"length":139.3,"name":"stem_01","parent":"apple"},{"rotation":43.58,"x":120.94,"y":36.6,"length":120.42,"name":"leaf_01","parent":"stem_01"},{"rotation":46.8,"x":119.08,"y":0.86,"length":188.31,"name":"leaf_02","parent":"leaf_01"},{"rotation":5.02,"x":188.31,"length":133.18,"name":"leaf_03","parent":"leaf_02"},{"rotation":-28.82,"x":133.18,"length":67.3,"name":"leaf_04","parent":"leaf_03"},{"rotation":-11.83,"x":136.32,"y":0.21,"length":110.67,"name":"stem_02","parent":"stem_01"},{"rotation":-18.23,"x":110.67,"length":72.86,"name":"stem_03","parent":"stem_02"}],"animations":{"spawn":{"bones":{"stem_03":{"rotate":[{"angle":0,"curve":[0.25,0,0.75,1],"time":0},{"angle":0.29,"curve":[0.25,0,0.75,1],"time":0.1},{"angle":3.65,"curve":[0.25,0,0.75,1],"time":0.2333},{"angle":0,"time":0.4}]},"leaf_04":{"rotate":[{"angle":0,"curve":[0.25,0,0.75,1],"time":0},{"angle":5.2,"curve":[0.25,0,0.75,1],"time":0.0667},{"angle":-7.62,"curve":[0.25,0,0.75,1],"time":0.2667},{"angle":-1.59,"curve":[0.25,0,0.75,1],"time":0.3667},{"angle":0,"time":0.5}]},"stem_01":{"rotate":[{"angle":0,"curve":[0.25,0,0.75,1],"time":0},{"angle":-1.32,"curve":[0.25,0,0.75,1],"time":0.0667},{"angle":1.2,"curve":[0.25,0,0.75,1],"time":0.2},{"angle":0,"time":0.3667}]},"leaf_01":{"rotate":[{"angle":0,"curve":[0.25,0,0.75,1],"time":0},{"angle":-2.61,"curve":[0.25,0,0.75,1],"time":0.1},{"angle":1.26,"curve":[0.25,0,0.75,1],"time":0.2},{"angle":0,"time":0.4}],"shear":[{"y":0,"x":0,"curve":[0.25,0,0.75,1],"time":0},{"y":1,"x":0,"curve":[0.25,0,0.75,1],"time":0.0667},{"y":-1,"x":0,"curve":[0.25,0,0.75,1],"time":0.2},{"y":0,"x":0,"time":0.4}]},"root":{"rotate":[{"angle":0,"curve":[0.25,0,0.75,1],"time":0},{"angle":3.92,"curve":[0.25,0,0.75,1],"time":0.1},{"angle":-1.05,"curve":[0.25,0,0.75,1],"time":0.2333},{"angle":1.06,"curve":[0.25,0,0.75,1],"time":0.3667},{"angle":0,"time":0.5}]},"stem_02":{"rotate":[{"angle":0,"curve":[0.25,0,0.75,1],"time":0},{"angle":-1.47,"curve":[0.25,0,0.75,1],"time":0.0667},{"angle":2.21,"curve":[0.25,0,0.75,1],"time":0.2},{"angle":0,"time":0.3667}]},"leaf_03":{"rotate":[{"angle":0,"curve":[0.25,0,0.75,1],"time":0},{"angle":4.01,"curve":[0.25,0,0.75,1],"time":0.0667},{"angle":-1.27,"curve":[0.25,0,0.75,1],"time":0.2333},{"angle":-0.18,"curve":[0.25,0,0.75,1],"time":0.3667},{"angle":0,"time":0.5}]},"apple":{"rotate":[{"angle":0,"curve":[0.399,0.53,0.75,1],"time":0},{"angle":1.37,"curve":[0.25,0,0.75,1],"time":0.0667},{"angle":-1,"curve":[0.25,0,0.75,1],"time":0.2333},{"angle":0,"time":0.3667}],"scale":[{"y":1,"x":1,"curve":[0.25,0,0.75,1],"time":0},{"y":0.99,"x":1.02,"curve":[0.25,0,0.75,1],"time":0.1},{"y":1.01,"x":1,"curve":[0.25,0,0.75,1],"time":0.2667},{"y":1,"x":1,"time":0.4}],"translate":[{"y":0,"x":0,"curve":[0.156,0.24,0.646,1],"time":0},{"y":-13.05,"x":0,"curve":[0.25,0,0.75,1],"time":0.0333},{"y":12.61,"x":0,"curve":[0.384,0,0.803,0.71],"time":0.1333},{"y":0,"x":0,"time":0.2333}]},"leaf_02":{"rotate":[{"angle":0,"curve":[0.25,0,0.75,1],"time":0},{"angle":5.62,"curve":[0.25,0,0.75,1],"time":0.0667},{"angle":-7.35,"curve":[0.25,0,0.75,1],"time":0.2333},{"angle":0.48,"curve":[0.25,0,0.75,1],"time":0.3667},{"angle":0,"time":0.5}]},"apple_direction":{"translate":[{"y":0,"x":0,"curve":[0.25,0,0.75,1],"time":0},{"y":-35.81,"x":-17.75,"curve":[0.25,0,0.75,1],"time":0.1},{"y":54.15,"x":33.35,"curve":[0.25,0,0.75,1],"time":0.2333},{"y":0,"x":0,"time":0.4}]}}}}}